sep=,
Steam Sales data for Jason Rohrer: 2014-02-27 - 2014-03-30

Date, Bundle(ID#),Bundle Name,Product(ID#),Product Name,Type,Game,Platform,Country Code,Country,Region,Gross Units Sold,Chargeback/Returns,Net Units Sold,Base Price,Sale Price,Currency,Gross Steam Sales (USD),Chargeback/Returns (USD),VAT/Tax (USD),Net Steam Sales (USD),Tag
2014-02-27,-1,Direct Package Sale,8181,"Inside a Star Filled Sky",Steam,"Inside a Star-filled Sky ",Windows,US,United States,North America,2,0,2,7.99,7.99,USD,15.9800,0.0000,0.0000,15.9800,""
2014-02-27,-1,Direct Package Sale,8181,"Inside a Star Filled Sky",Steam,"Inside a Star-filled Sky ",Mac,US,United States,North America,1,0,1,7.99,7.99,USD,7.9900,0.0000,0.0000,7.9900,""
2014-02-27,-1,Direct Package Sale,36480,"The Castle Doctrine",Steam,"The Castle Doctrine",Windows,AU,Australia,Oceania,1,0,1,15.99,15.99,USD,15.9900,0.0000,0.0000,15.9900,""
2014-02-27,-1,Direct Package Sale,36480,"The Castle Doctrine",Steam,"The Castle Doctrine",Windows,BE,Belgium,Western Europe,1,0,1,14.99,14.99,EUR,20.6600,0.0000,-2.7014,17.9586,""
2014-02-27,-1,Direct Package Sale,36480,"The Castle Doctrine",Steam,"The Castle Doctrine",Windows,BY,Belarus,Russian Territories,1,0,1,10.99,10.99,USD,10.9900,0.0000,0.0000,10.9900,""
2014-02-27,-1,Direct Package Sale,36480,"The Castle Doctrine",Steam,"The Castle Doctrine",Windows,CA,Canada,North America,1,0,1,15.99,15.99,USD,15.9900,0.0000,0.0000,15.9900,""
2014-02-27,-1,Direct Package Sale,36480,"The Castle Doctrine",Steam,"The Castle Doctrine",Windows,GB,United Kingdom,Western Europe,1,0,1,12.49,12.49,GBP,20.8290,0.0000,-2.7183,18.1107,""
2014-02-27,-1,Direct Package Sale,36480,"The Castle Doctrine",Steam,"The Castle Doctrine",Windows,KR,Korea Republic of,Asia,1,0,1,15.99,15.99,USD,15.9900,0.0000,0.0000,15.9900,""
2014-02-27,-1,Direct Package Sale,36480,"The Castle Doctrine",Steam,"The Castle Doctrine",Windows,US,United States,North America,14,0,14,15.99,15.99,USD,225.2400,0.0000,-1.3800,223.8600,""
2014-02-27,-1,Direct Package Sale,36480,"The Castle Doctrine",Steam,"The Castle Doctrine",Mac,AU,Australia,Oceania,2,0,2,15.99,15.99,USD,31.9800,0.0000,0.0000,31.9800,""
2014-02-27,-1,Direct Package Sale,36480,"The Castle Doctrine",Steam,"The Castle Doctrine",Mac,DE,Germany,Western Europe,1,0,1,14.99,14.99,EUR,20.4800,0.0000,-2.6778,17.8022,""
2014-02-27,-1,Direct Package Sale,36480,"The Castle Doctrine",Steam,"The Castle Doctrine",Mac,ES,Spain,Western Europe,1,0,1,14.99,14.99,EUR,20.6597,0.0000,-2.7013,17.9584,""
2014-02-27,-1,Direct Package Sale,36480,"The Castle Doctrine",Steam,"The Castle Doctrine",Mac,GB,United Kingdom,Western Europe,1,0,1,12.49,12.49,GBP,20.7900,0.0000,-2.7132,18.0768,""
2014-02-27,-1,Direct Package Sale,36480,"The Castle Doctrine",Steam,"The Castle Doctrine",Mac,SE,Sweden,Western Europe,1,0,1,14.99,14.99,EUR,20.6600,0.0000,-2.7014,17.9586,""
2014-02-27,-1,Direct Package Sale,36480,"The Castle Doctrine",Steam,"The Castle Doctrine",Mac,TH,Thailand,South East Asia,1,0,1,15.99,15.99,USD,15.9900,0.0000,0.0000,15.9900,""
2014-02-27,-1,Direct Package Sale,36480,"The Castle Doctrine",Steam,"The Castle Doctrine",Mac,US,United States,North America,6,0,6,15.99,15.99,USD,95.9400,0.0000,0.0000,95.9400,""
2014-02-27,-1,Direct Package Sale,36480,"The Castle Doctrine",Steam,"The Castle Doctrine",Linux,US,United States,North America,1,0,1,15.99,15.99,USD,15.9900,0.0000,0.0000,15.9900,""
2014-02-28,-1,Direct Package Sale,8181,"Inside a Star Filled Sky",Steam,"Inside a Star-filled Sky ",Windows,US,United States,North America,1,0,1,7.99,7.99,USD,7.9900,0.0000,0.0000,7.9900,""
2014-02-28,-1,Direct Package Sale,36480,"The Castle Doctrine",Steam,"The Castle Doctrine",Windows,AR,Argentina,Latin America,1,0,1,15.99,15.99,USD,15.9900,0.0000,0.0000,15.9900,""
2014-02-28,-1,Direct Package Sale,36480,"The Castle Doctrine",Steam,"The Castle Doctrine",Windows,AU,Australia,Oceania,3,0,3,15.99,15.99,USD,47.9700,0.0000,0.0000,47.9700,""
2014-02-28,-1,Direct Package Sale,36480,"The Castle Doctrine",Steam,"The Castle Doctrine",Windows,DE,Germany,Western Europe,2,0,2,14.99,14.99,EUR,41.2600,0.0000,-5.3949,35.8651,""
2014-02-28,-1,Direct Package Sale,36480,"The Castle Doctrine",Steam,"The Castle Doctrine",Windows,DK,Denmark,Western Europe,1,0,1,14.99,14.99,EUR,20.6000,0.0000,-2.6935,17.9065,""
2014-02-28,-1,Direct Package Sale,36480,"The Castle Doctrine",Steam,"The Castle Doctrine",Windows,GB,United Kingdom,Western Europe,2,0,2,12.49,12.49,GBP,41.7000,0.0000,-5.4420,36.2580,""
2014-02-28,-1,Direct Package Sale,36480,"The Castle Doctrine",Steam,"The Castle Doctrine",Windows,PT,Portugal,Western Europe,1,0,1,14.99,14.99,EUR,20.5000,0.0000,-2.6805,17.8195,""
2014-02-28,-1,Direct Package Sale,36480,"The Castle Doctrine",Steam,"The Castle Doctrine",Windows,RU,Russian Federation,Russian Territories,2,0,2,349.00,349.00,RUB,19.3600,0.0000,0.0000,19.3600,""
2014-02-28,-1,Direct Package Sale,36480,"The Castle Doctrine",Steam,"The Castle Doctrine",Windows,US,United States,North America,10,0,10,15.99,15.99,USD,159.9000,0.0000,0.0000,159.9000,""
2014-02-28,-1,Direct Package Sale,36480,"The Castle Doctrine",Steam,"The Castle Doctrine",Mac,AU,Australia,Oceania,3,0,3,15.99,15.99,USD,47.9700,0.0000,0.0000,47.9700,""
2014-02-28,-1,Direct Package Sale,36480,"The Castle Doctrine",Steam,"The Castle Doctrine",Mac,CA,Canada,North America,1,0,1,15.99,15.99,USD,15.9900,0.0000,0.0000,15.9900,""
2014-02-28,-1,Direct Package Sale,36480,"The Castle Doctrine",Steam,"The Castle Doctrine",Mac,RU,Russian Federation,Russian Territories,1,0,1,349.00,349.00,RUB,9.5600,0.0000,0.0000,9.5600,""
2014-02-28,-1,Direct Package Sale,36480,"The Castle Doctrine",Steam,"The Castle Doctrine",Mac,US,United States,North America,6,0,6,15.99,15.99,USD,95.9400,0.0000,0.0000,95.9400,""
2014-02-28,-1,Direct Package Sale,36480,"The Castle Doctrine",Steam,"The Castle Doctrine",Linux,US,United States,North America,2,0,2,15.99,15.99,USD,31.9800,0.0000,0.0000,31.9800,""
2014-03-01,-1,Direct Package Sale,8181,"Inside a Star Filled Sky",Steam,"Inside a Star-filled Sky ",Windows,CA,Canada,North America,1,0,1,7.99,7.99,USD,7.9900,0.0000,0.0000,7.9900,""
2014-03-01,-1,Direct Package Sale,8181,"Inside a Star Filled Sky",Steam,"Inside a Star-filled Sky ",Windows,US,United States,North America,1,0,1,7.99,7.99,USD,7.9900,0.0000,0.0000,7.9900,""
2014-03-01,-1,Direct Package Sale,36480,"The Castle Doctrine",Steam,"The Castle Doctrine",Windows,AT,Austria,Western Europe,1,0,1,14.99,14.99,EUR,20.6600,0.0000,-2.7014,17.9586,""
2014-03-01,-1,Direct Package Sale,36480,"The Castle Doctrine",Steam,"The Castle Doctrine",Windows,CA,Canada,North America,2,0,2,15.99,15.99,USD,31.9800,0.0000,0.0000,31.9800,""
2014-03-01,-1,Direct Package Sale,36480,"The Castle Doctrine",Steam,"The Castle Doctrine",Windows,CH,Switzerland,Western Europe,2,0,2,14.99,14.99,EUR,41.2500,0.0000,0.0000,41.2500,""
2014-03-01,-1,Direct Package Sale,36480,"The Castle Doctrine",Steam,"The Castle Doctrine",Windows,CN,China,Asia,1,0,1,15.99,15.99,USD,15.9900,0.0000,0.0000,15.9900,""
2014-03-01,-1,Direct Package Sale,36480,"The Castle Doctrine",Steam,"The Castle Doctrine",Windows,GB,United Kingdom,Western Europe,3,0,3,12.49,12.49,GBP,62.5500,0.0000,-8.1630,54.3870,""
2014-03-01,-1,Direct Package Sale,36480,"The Castle Doctrine",Steam,"The Castle Doctrine",Windows,KR,Korea Republic of,Asia,1,0,1,15.99,15.99,USD,15.9900,0.0000,0.0000,15.9900,""
2014-03-01,-1,Direct Package Sale,36480,"The Castle Doctrine",Steam,"The Castle Doctrine",Windows,KZ,Kazakhstan,Russian Territories,1,0,1,10.99,10.99,USD,10.9900,0.0000,0.0000,10.9900,""
2014-03-01,-1,Direct Package Sale,36480,"The Castle Doctrine",Steam,"The Castle Doctrine",Windows,MY,Malaysia,South East Asia,1,0,1,15.99,15.99,USD,15.9900,0.0000,0.0000,15.9900,""
2014-03-01,-1,Direct Package Sale,36480,"The Castle Doctrine",Steam,"The Castle Doctrine",Windows,NL,Netherlands,Western Europe,1,0,1,14.99,14.99,EUR,20.6000,0.0000,-2.6935,17.9065,""
2014-03-01,-1,Direct Package Sale,36480,"The Castle Doctrine",Steam,"The Castle Doctrine",Windows,NO,Norway,Western Europe,1,0,1,14.99,14.99,EUR,20.6300,0.0000,0.0000,20.6300,""
2014-03-01,-1,Direct Package Sale,36480,"The Castle Doctrine",Steam,"The Castle Doctrine",Windows,NZ,New Zealand,Oceania,1,0,1,15.99,15.99,USD,15.9900,0.0000,0.0000,15.9900,""
2014-03-01,-1,Direct Package Sale,36480,"The Castle Doctrine",Steam,"The Castle Doctrine",Windows,US,United States,North America,21,0,21,15.99,15.99,USD,335.7900,0.0000,0.0000,335.7900,""
2014-03-01,-1,Direct Package Sale,36480,"The Castle Doctrine",Steam,"The Castle Doctrine",Windows,ZA,South Africa,Africa,1,0,1,15.99,15.99,USD,15.9900,0.0000,0.0000,15.9900,""
2014-03-01,-1,Direct Package Sale,36480,"The Castle Doctrine",Steam,"The Castle Doctrine",Mac,CA,Canada,North America,1,0,1,15.99,15.99,USD,15.9900,0.0000,0.0000,15.9900,""
2014-03-01,-1,Direct Package Sale,36480,"The Castle Doctrine",Steam,"The Castle Doctrine",Mac,DE,Germany,Western Europe,3,0,3,14.99,14.99,EUR,61.9200,0.0000,-8.0964,53.8236,""
2014-03-01,-1,Direct Package Sale,36480,"The Castle Doctrine",Steam,"The Castle Doctrine",Mac,KY,Cayman Islands,Latin America,1,0,1,15.99,15.99,USD,15.9900,0.0000,0.0000,15.9900,""
2014-03-01,-1,Direct Package Sale,36480,"The Castle Doctrine",Steam,"The Castle Doctrine",Mac,US,United States,North America,9,1,8,15.99,15.99,USD,143.9100,15.9900,0.0000,127.9200,""
2014-03-01,-1,Direct Package Sale,36480,"The Castle Doctrine",Steam,"The Castle Doctrine",Linux,RU,Russian Federation,Russian Territories,1,0,1,349.00,349.00,RUB,9.5600,0.0000,0.0000,9.5600,""
2014-03-01,-1,Direct Package Sale,36480,"The Castle Doctrine",Steam,"The Castle Doctrine",Linux,US,United States,North America,1,0,1,15.99,15.99,USD,15.9900,0.0000,0.0000,15.9900,""
2014-03-02,-1,Direct Package Sale,8181,"Inside a Star Filled Sky",Steam,"Inside a Star-filled Sky ",Windows,CA,Canada,North America,1,0,1,7.99,7.99,USD,7.9900,0.0000,0.0000,7.9900,""
2014-03-02,-1,Direct Package Sale,36480,"The Castle Doctrine",Steam,"The Castle Doctrine",Windows,BE,Belgium,Western Europe,1,0,1,14.99,14.99,EUR,20.7900,0.0000,-2.7184,18.0716,""
2014-03-02,-1,Direct Package Sale,36480,"The Castle Doctrine",Steam,"The Castle Doctrine",Windows,CA,Canada,North America,2,0,2,15.99,15.99,USD,31.9800,0.0000,0.0000,31.9800,""
2014-03-02,-1,Direct Package Sale,36480,"The Castle Doctrine",Steam,"The Castle Doctrine",Windows,CL,Chile,Latin America,1,0,1,15.99,15.99,USD,15.9900,0.0000,0.0000,15.9900,""
2014-03-02,-1,Direct Package Sale,36480,"The Castle Doctrine",Steam,"The Castle Doctrine",Windows,GB,United Kingdom,Western Europe,1,0,1,12.49,12.49,GBP,20.8500,0.0000,-2.7210,18.1290,""
2014-03-02,-1,Direct Package Sale,36480,"The Castle Doctrine",Steam,"The Castle Doctrine",Windows,IT,Italy,Western Europe,1,0,1,14.99,14.99,EUR,20.6600,0.0000,-2.7014,17.9586,""
2014-03-02,-1,Direct Package Sale,36480,"The Castle Doctrine",Steam,"The Castle Doctrine",Windows,KR,Korea Republic of,Asia,1,0,1,15.99,15.99,USD,15.9900,0.0000,0.0000,15.9900,""
2014-03-02,-1,Direct Package Sale,36480,"The Castle Doctrine",Steam,"The Castle Doctrine",Windows,KZ,Kazakhstan,Russian Territories,1,0,1,10.99,10.99,USD,10.9900,0.0000,0.0000,10.9900,""
2014-03-02,-1,Direct Package Sale,36480,"The Castle Doctrine",Steam,"The Castle Doctrine",Windows,NL,Netherlands,Western Europe,1,0,1,14.99,14.99,EUR,20.6000,0.0000,-2.6935,17.9065,""
2014-03-02,-1,Direct Package Sale,36480,"The Castle Doctrine",Steam,"The Castle Doctrine",Windows,NZ,New Zealand,Oceania,2,0,2,15.99,15.99,USD,31.9800,0.0000,0.0000,31.9800,""
2014-03-02,-1,Direct Package Sale,36480,"The Castle Doctrine",Steam,"The Castle Doctrine",Windows,RU,Russian Federation,Russian Territories,1,0,1,349.00,349.00,RUB,9.5800,0.0000,0.0000,9.5800,""
2014-03-02,-1,Direct Package Sale,36480,"The Castle Doctrine",Steam,"The Castle Doctrine",Windows,SE,Sweden,Western Europe,1,0,1,14.99,14.99,EUR,20.6300,0.0000,-2.6975,17.9325,""
2014-03-02,-1,Direct Package Sale,36480,"The Castle Doctrine",Steam,"The Castle Doctrine",Windows,US,United States,North America,22,0,22,15.99,15.99,USD,353.0000,0.0000,-1.2200,351.7800,""
2014-03-02,-1,Direct Package Sale,36480,"The Castle Doctrine",Steam,"The Castle Doctrine",Mac,AU,Australia,Oceania,3,0,3,15.99,15.99,USD,47.9700,0.0000,0.0000,47.9700,""
2014-03-02,-1,Direct Package Sale,36480,"The Castle Doctrine",Steam,"The Castle Doctrine",Mac,CA,Canada,North America,2,0,2,15.99,15.99,USD,31.9800,0.0000,0.0000,31.9800,""
2014-03-02,-1,Direct Package Sale,36480,"The Castle Doctrine",Steam,"The Castle Doctrine",Mac,GB,United Kingdom,Western Europe,2,0,2,12.49,12.49,GBP,41.7227,0.0000,-5.4450,36.2777,""
2014-03-02,-1,Direct Package Sale,36480,"The Castle Doctrine",Steam,"The Castle Doctrine",Mac,KR,Korea Republic of,Asia,1,0,1,15.99,15.99,USD,15.9900,0.0000,0.0000,15.9900,""
2014-03-02,-1,Direct Package Sale,36480,"The Castle Doctrine",Steam,"The Castle Doctrine",Mac,RU,Russian Federation,Russian Territories,1,0,1,349.00,349.00,RUB,9.5600,0.0000,0.0000,9.5600,""
2014-03-02,-1,Direct Package Sale,36480,"The Castle Doctrine",Steam,"The Castle Doctrine",Mac,US,United States,North America,9,0,9,15.99,15.99,USD,143.9100,0.0000,0.0000,143.9100,""
2014-03-02,-1,Direct Package Sale,36480,"The Castle Doctrine",Steam,"The Castle Doctrine",Linux,US,United States,North America,1,0,1,15.99,15.99,USD,15.9900,0.0000,0.0000,15.9900,""
2014-03-03,-1,Direct Package Sale,36480,"The Castle Doctrine",Steam,"The Castle Doctrine",Windows,AE,United Arab Emirates,Middle East,1,0,1,15.99,15.99,USD,15.9900,0.0000,0.0000,15.9900,""
2014-03-03,-1,Direct Package Sale,36480,"The Castle Doctrine",Steam,"The Castle Doctrine",Windows,AU,Australia,Oceania,1,0,1,15.99,15.99,USD,15.9900,0.0000,0.0000,15.9900,""
2014-03-03,-1,Direct Package Sale,36480,"The Castle Doctrine",Steam,"The Castle Doctrine",Windows,CA,Canada,North America,2,0,2,15.99,15.99,USD,31.9800,0.0000,0.0000,31.9800,""
2014-03-03,-1,Direct Package Sale,36480,"The Castle Doctrine",Steam,"The Castle Doctrine",Windows,FR,France,Western Europe,1,0,1,14.99,14.99,EUR,20.6260,0.0000,-2.6969,17.9291,""
2014-03-03,-1,Direct Package Sale,36480,"The Castle Doctrine",Steam,"The Castle Doctrine",Windows,GB,United Kingdom,Western Europe,4,0,4,12.49,12.49,GBP,83.4500,0.0000,-10.8905,72.5595,""
2014-03-03,-1,Direct Package Sale,36480,"The Castle Doctrine",Steam,"The Castle Doctrine",Windows,MK,Macedonia,Eastern Europe,1,0,1,14.99,14.99,EUR,20.7700,0.0000,0.0000,20.7700,""
2014-03-03,-1,Direct Package Sale,36480,"The Castle Doctrine",Steam,"The Castle Doctrine",Windows,NO,Norway,Western Europe,1,0,1,14.99,14.99,EUR,20.6300,0.0000,0.0000,20.6300,""
2014-03-03,-1,Direct Package Sale,36480,"The Castle Doctrine",Steam,"The Castle Doctrine",Windows,US,United States,North America,8,0,8,15.99,15.99,USD,130.4100,0.0000,-2.4900,127.9200,""
2014-03-03,-1,Direct Package Sale,36480,"The Castle Doctrine",Steam,"The Castle Doctrine",Mac,AR,Argentina,Latin America,1,0,1,15.99,15.99,USD,15.9900,0.0000,0.0000,15.9900,""
2014-03-03,-1,Direct Package Sale,36480,"The Castle Doctrine",Steam,"The Castle Doctrine",Mac,CA,Canada,North America,1,0,1,15.99,15.99,USD,15.9900,0.0000,0.0000,15.9900,""
2014-03-03,-1,Direct Package Sale,36480,"The Castle Doctrine",Steam,"The Castle Doctrine",Mac,DE,Germany,Western Europe,1,0,1,14.99,14.99,EUR,20.6000,0.0000,-2.6935,17.9065,""
2014-03-03,-1,Direct Package Sale,36480,"The Castle Doctrine",Steam,"The Castle Doctrine",Mac,GB,United Kingdom,Western Europe,1,0,1,12.49,12.49,GBP,20.8647,0.0000,-2.7229,18.1418,""
2014-03-03,-1,Direct Package Sale,36480,"The Castle Doctrine",Steam,"The Castle Doctrine",Mac,US,United States,North America,9,0,9,15.99,15.99,USD,143.9100,0.0000,0.0000,143.9100,""
2014-03-03,-1,Direct Package Sale,36480,"The Castle Doctrine",Steam,"The Castle Doctrine",Linux,GB,United Kingdom,Western Europe,1,0,1,12.49,12.49,GBP,20.8800,0.0000,-2.7249,18.1551,""
2014-03-03,-1,Direct Package Sale,36480,"The Castle Doctrine",Steam,"The Castle Doctrine",Linux,US,United States,North America,1,0,1,15.99,15.99,USD,15.9900,0.0000,0.0000,15.9900,""
2014-03-04,-1,Direct Package Sale,8181,"Inside a Star Filled Sky",Steam,"Inside a Star-filled Sky ",Windows,FR,France,Western Europe,1,0,1,7.99,7.99,EUR,10.9789,0.0000,-1.4290,9.5499,""
2014-03-04,-1,Direct Package Sale,8181,"Inside a Star Filled Sky",Steam,"Inside a Star-filled Sky ",Mac,GB,United Kingdom,Western Europe,1,0,1,4.99,4.99,GBP,8.3400,0.0000,-1.0864,7.2536,""
2014-03-04,-1,Direct Package Sale,36480,"The Castle Doctrine",Steam,"The Castle Doctrine",Windows,AU,Australia,Oceania,2,0,2,15.99,15.99,USD,31.9800,0.0000,0.0000,31.9800,""
2014-03-04,-1,Direct Package Sale,36480,"The Castle Doctrine",Steam,"The Castle Doctrine",Windows,CA,Canada,North America,2,0,2,15.99,15.99,USD,31.9800,0.0000,0.0000,31.9800,""
2014-03-04,-1,Direct Package Sale,36480,"The Castle Doctrine",Steam,"The Castle Doctrine",Windows,FR,France,Western Europe,2,0,2,14.99,14.99,EUR,41.3700,0.0000,-5.4093,35.9607,""
2014-03-04,-1,Direct Package Sale,36480,"The Castle Doctrine",Steam,"The Castle Doctrine",Windows,GB,United Kingdom,Western Europe,2,0,2,12.49,12.49,GBP,41.6552,0.0000,-5.4362,36.2190,""
2014-03-04,-1,Direct Package Sale,36480,"The Castle Doctrine",Steam,"The Castle Doctrine",Windows,US,United States,North America,9,0,9,15.99,15.99,USD,143.9100,0.0000,0.0000,143.9100,""
2014-03-04,-1,Direct Package Sale,36480,"The Castle Doctrine",Steam,"The Castle Doctrine",Mac,AU,Australia,Oceania,1,0,1,15.99,15.99,USD,15.9900,0.0000,0.0000,15.9900,""
2014-03-04,-1,Direct Package Sale,36480,"The Castle Doctrine",Steam,"The Castle Doctrine",Mac,CA,Canada,North America,1,0,1,15.99,15.99,USD,15.9900,0.0000,0.0000,15.9900,""
2014-03-04,-1,Direct Package Sale,36480,"The Castle Doctrine",Steam,"The Castle Doctrine",Mac,GB,United Kingdom,Western Europe,3,0,3,12.49,12.49,GBP,62.4900,0.0000,-8.1552,54.3348,""
2014-03-04,-1,Direct Package Sale,36480,"The Castle Doctrine",Steam,"The Castle Doctrine",Mac,US,United States,North America,6,0,6,15.99,15.99,USD,97.4600,0.0000,-1.5200,95.9400,""
2014-03-05,-1,Direct Package Sale,8181,"Inside a Star Filled Sky",Steam,"Inside a Star-filled Sky ",Windows,NL,Netherlands,Western Europe,1,0,1,7.99,7.99,EUR,10.9800,0.0000,-1.4292,9.5508,""
2014-03-05,-1,Direct Package Sale,36480,"The Castle Doctrine",Steam,"The Castle Doctrine",Windows,FR,France,Western Europe,1,0,1,14.99,14.99,EUR,20.7900,0.0000,-2.7184,18.0716,""
2014-03-05,-1,Direct Package Sale,36480,"The Castle Doctrine",Steam,"The Castle Doctrine",Windows,GB,United Kingdom,Western Europe,1,0,1,12.49,12.49,GBP,20.8300,0.0000,-2.7184,18.1116,""
2014-03-05,-1,Direct Package Sale,36480,"The Castle Doctrine",Steam,"The Castle Doctrine",Windows,RU,Russian Federation,Russian Territories,1,0,1,349.00,349.00,RUB,9.6500,0.0000,0.0000,9.6500,""
2014-03-05,-1,Direct Package Sale,36480,"The Castle Doctrine",Steam,"The Castle Doctrine",Windows,US,United States,North America,13,0,13,15.99,15.99,USD,210.5500,0.0000,-2.6800,207.8700,""
2014-03-05,-1,Direct Package Sale,36480,"The Castle Doctrine",Steam,"The Castle Doctrine",Mac,AU,Australia,Oceania,3,0,3,15.99,15.99,USD,47.9700,0.0000,0.0000,47.9700,""
2014-03-05,-1,Direct Package Sale,36480,"The Castle Doctrine",Steam,"The Castle Doctrine",Mac,US,United States,North America,8,0,8,15.99,15.99,USD,130.6700,0.0000,-2.7500,127.9200,""
2014-03-06,-1,Direct Package Sale,8181,"Inside a Star Filled Sky",Steam,"Inside a Star-filled Sky ",Windows,GB,United Kingdom,Western Europe,1,0,1,4.99,4.99,GBP,8.3300,0.0000,-1.0851,7.2449,""
2014-03-06,-1,Direct Package Sale,36480,"The Castle Doctrine",Steam,"The Castle Doctrine",Windows,CA,Canada,North America,2,0,2,15.99,15.99,USD,31.9800,0.0000,0.0000,31.9800,""
2014-03-06,-1,Direct Package Sale,36480,"The Castle Doctrine",Steam,"The Castle Doctrine",Windows,DK,Denmark,Western Europe,1,0,1,14.99,14.99,EUR,20.7700,0.0000,-2.7158,18.0542,""
2014-03-06,-1,Direct Package Sale,36480,"The Castle Doctrine",Steam,"The Castle Doctrine",Windows,GB,United Kingdom,Western Europe,2,0,2,12.49,12.49,GBP,41.6300,0.0000,-5.4329,36.1971,""
2014-03-06,-1,Direct Package Sale,36480,"The Castle Doctrine",Steam,"The Castle Doctrine",Windows,US,United States,North America,7,0,7,15.99,15.99,USD,111.9300,0.0000,0.0000,111.9300,""
2014-03-06,-1,Direct Package Sale,36480,"The Castle Doctrine",Steam,"The Castle Doctrine",Mac,GB,United Kingdom,Western Europe,1,0,1,12.49,12.49,GBP,20.8600,0.0000,-2.7223,18.1377,""
2014-03-06,-1,Direct Package Sale,36480,"The Castle Doctrine",Steam,"The Castle Doctrine",Mac,US,United States,North America,5,0,5,15.99,15.99,USD,79.9500,0.0000,0.0000,79.9500,""
2014-03-07,-1,Direct Package Sale,36480,"The Castle Doctrine",Steam,"The Castle Doctrine",Windows,AU,Australia,Oceania,1,0,1,15.99,15.99,USD,15.9900,0.0000,0.0000,15.9900,""
2014-03-07,-1,Direct Package Sale,36480,"The Castle Doctrine",Steam,"The Castle Doctrine",Windows,DE,Germany,Western Europe,2,0,2,14.99,14.99,EUR,41.4624,0.0000,-5.4213,36.0411,""
2014-03-07,-1,Direct Package Sale,36480,"The Castle Doctrine",Steam,"The Castle Doctrine",Windows,FI,Finland,Western Europe,1,0,1,14.99,14.99,EUR,20.6000,0.0000,-2.6935,17.9065,""
2014-03-07,-1,Direct Package Sale,36480,"The Castle Doctrine",Steam,"The Castle Doctrine",Windows,RU,Russian Federation,Russian Territories,4,0,4,349.00,349.00,RUB,38.9200,0.0000,0.0000,38.9200,""
2014-03-07,-1,Direct Package Sale,36480,"The Castle Doctrine",Steam,"The Castle Doctrine",Windows,SE,Sweden,Western Europe,1,0,1,14.99,14.99,EUR,20.6000,0.0000,-2.6935,17.9065,""
2014-03-07,-1,Direct Package Sale,36480,"The Castle Doctrine",Steam,"The Castle Doctrine",Windows,UA,Ukraine,Russian Territories,1,0,1,10.99,10.99,USD,10.9900,0.0000,0.0000,10.9900,""
2014-03-07,-1,Direct Package Sale,36480,"The Castle Doctrine",Steam,"The Castle Doctrine",Windows,US,United States,North America,8,0,8,15.99,15.99,USD,127.9200,0.0000,0.0000,127.9200,""
2014-03-07,-1,Direct Package Sale,36480,"The Castle Doctrine",Steam,"The Castle Doctrine",Mac,AU,Australia,Oceania,1,0,1,15.99,15.99,USD,15.9900,0.0000,0.0000,15.9900,""
2014-03-07,-1,Direct Package Sale,36480,"The Castle Doctrine",Steam,"The Castle Doctrine",Mac,US,United States,North America,1,0,1,15.99,15.99,USD,15.9900,0.0000,0.0000,15.9900,""
2014-03-08,-1,Direct Package Sale,36480,"The Castle Doctrine",Steam,"The Castle Doctrine",Windows,BE,Belgium,Western Europe,1,0,1,14.99,14.99,EUR,20.7700,0.0000,-2.7158,18.0542,""
2014-03-08,-1,Direct Package Sale,36480,"The Castle Doctrine",Steam,"The Castle Doctrine",Windows,CA,Canada,North America,4,0,4,15.99,15.99,USD,63.9600,0.0000,0.0000,63.9600,""
2014-03-08,-1,Direct Package Sale,36480,"The Castle Doctrine",Steam,"The Castle Doctrine",Windows,FI,Finland,Western Europe,2,0,2,14.99,14.99,EUR,41.5600,0.0000,-5.4342,36.1258,""
2014-03-08,-1,Direct Package Sale,36480,"The Castle Doctrine",Steam,"The Castle Doctrine",Windows,FR,France,Western Europe,0,1,-1,14.99,11.24,EUR,0.0000,15.4401,2.0193,-13.4208,""
2014-03-08,-1,Direct Package Sale,36480,"The Castle Doctrine",Steam,"The Castle Doctrine",Windows,FR,France,Western Europe,1,0,1,14.99,14.99,EUR,20.6000,0.0000,-2.6935,17.9065,""
2014-03-08,-1,Direct Package Sale,36480,"The Castle Doctrine",Steam,"The Castle Doctrine",Windows,GB,United Kingdom,Western Europe,3,0,3,12.49,12.49,GBP,62.6400,0.0000,-8.1747,54.4653,""
2014-03-08,-1,Direct Package Sale,36480,"The Castle Doctrine",Steam,"The Castle Doctrine",Windows,RU,Russian Federation,Russian Territories,4,0,4,349.00,349.00,RUB,38.5700,0.0000,0.0000,38.5700,""
2014-03-08,-1,Direct Package Sale,36480,"The Castle Doctrine",Steam,"The Castle Doctrine",Windows,SE,Sweden,Western Europe,1,0,1,14.99,14.99,EUR,20.6000,0.0000,-2.6935,17.9065,""
2014-03-08,-1,Direct Package Sale,36480,"The Castle Doctrine",Steam,"The Castle Doctrine",Windows,US,United States,North America,9,0,9,15.99,15.99,USD,143.9100,0.0000,0.0000,143.9100,""
2014-03-08,-1,Direct Package Sale,36480,"The Castle Doctrine",Steam,"The Castle Doctrine",Mac,AU,Australia,Oceania,1,0,1,15.99,15.99,USD,15.9900,0.0000,0.0000,15.9900,""
2014-03-08,-1,Direct Package Sale,36480,"The Castle Doctrine",Steam,"The Castle Doctrine",Mac,US,United States,North America,4,0,4,15.99,15.99,USD,63.9600,0.0000,0.0000,63.9600,""
2014-03-09,-1,Direct Package Sale,8181,"Inside a Star Filled Sky",Steam,"Inside a Star-filled Sky ",Windows,US,United States,North America,1,0,1,7.99,7.99,USD,7.9900,0.0000,0.0000,7.9900,""
2014-03-09,-1,Direct Package Sale,36480,"The Castle Doctrine",Steam,"The Castle Doctrine",Windows,AU,Australia,Oceania,3,0,3,15.99,15.99,USD,47.9700,0.0000,0.0000,47.9700,""
2014-03-09,-1,Direct Package Sale,36480,"The Castle Doctrine",Steam,"The Castle Doctrine",Windows,BR,Brazil,Latin America,1,0,1,26.99,26.99,BRL,11.5000,0.0000,0.0000,11.5000,""
2014-03-09,-1,Direct Package Sale,36480,"The Castle Doctrine",Steam,"The Castle Doctrine",Windows,CA,Canada,North America,2,0,2,15.99,15.99,USD,31.9800,0.0000,0.0000,31.9800,""
2014-03-09,-1,Direct Package Sale,36480,"The Castle Doctrine",Steam,"The Castle Doctrine",Windows,DE,Germany,Western Europe,1,0,1,14.99,14.99,EUR,20.7700,0.0000,-2.7158,18.0542,""
2014-03-09,-1,Direct Package Sale,36480,"The Castle Doctrine",Steam,"The Castle Doctrine",Windows,FR,France,Western Europe,1,0,1,14.99,14.99,EUR,20.6000,0.0000,-2.6935,17.9065,""
2014-03-09,-1,Direct Package Sale,36480,"The Castle Doctrine",Steam,"The Castle Doctrine",Windows,GB,United Kingdom,Western Europe,1,0,1,12.49,12.49,GBP,20.8600,0.0000,-2.7223,18.1377,""
2014-03-09,-1,Direct Package Sale,36480,"The Castle Doctrine",Steam,"The Castle Doctrine",Windows,US,United States,North America,11,0,11,15.99,15.99,USD,175.8900,0.0000,0.0000,175.8900,""
2014-03-09,-1,Direct Package Sale,36480,"The Castle Doctrine",Steam,"The Castle Doctrine",Mac,CA,Canada,North America,1,0,1,15.99,15.99,USD,15.9900,0.0000,0.0000,15.9900,""
2014-03-09,-1,Direct Package Sale,36480,"The Castle Doctrine",Steam,"The Castle Doctrine",Mac,GB,United Kingdom,Western Europe,2,0,2,12.49,12.49,GBP,41.7400,0.0000,-5.4472,36.2928,""
2014-03-09,-1,Direct Package Sale,36480,"The Castle Doctrine",Steam,"The Castle Doctrine",Mac,US,United States,North America,2,0,2,15.99,15.99,USD,31.9800,0.0000,0.0000,31.9800,""
2014-03-09,-1,Direct Package Sale,36480,"The Castle Doctrine",Steam,"The Castle Doctrine",Linux,GR,Greece,Eastern Europe,1,0,1,14.99,14.99,EUR,20.7700,0.0000,-2.7158,18.0542,""
2014-03-10,-1,Direct Package Sale,36480,"The Castle Doctrine",Steam,"The Castle Doctrine",Windows,AU,Australia,Oceania,1,0,1,15.99,15.99,USD,15.9900,0.0000,0.0000,15.9900,""
2014-03-10,-1,Direct Package Sale,36480,"The Castle Doctrine",Steam,"The Castle Doctrine",Windows,CA,Canada,North America,1,0,1,15.99,15.99,USD,15.9900,0.0000,0.0000,15.9900,""
2014-03-10,-1,Direct Package Sale,36480,"The Castle Doctrine",Steam,"The Castle Doctrine",Windows,GB,United Kingdom,Western Europe,2,0,2,12.49,12.49,GBP,41.7200,0.0000,-5.4446,36.2754,""
2014-03-10,-1,Direct Package Sale,36480,"The Castle Doctrine",Steam,"The Castle Doctrine",Windows,JP,Japan,Asia,1,0,1,15.99,15.99,USD,15.9900,0.0000,0.0000,15.9900,""
2014-03-10,-1,Direct Package Sale,36480,"The Castle Doctrine",Steam,"The Castle Doctrine",Windows,NL,Netherlands,Western Europe,1,0,1,14.99,14.99,EUR,20.6000,0.0000,-2.6935,17.9065,""
2014-03-10,-1,Direct Package Sale,36480,"The Castle Doctrine",Steam,"The Castle Doctrine",Windows,RU,Russian Federation,Russian Territories,1,0,1,349.00,349.00,RUB,9.5800,0.0000,0.0000,9.5800,""
2014-03-10,-1,Direct Package Sale,36480,"The Castle Doctrine",Steam,"The Castle Doctrine",Windows,US,United States,North America,10,0,10,15.99,15.99,USD,161.2800,0.0000,-1.3800,159.9000,""
2014-03-10,-1,Direct Package Sale,36480,"The Castle Doctrine",Steam,"The Castle Doctrine",Mac,GB,United Kingdom,Western Europe,1,0,1,12.49,12.49,GBP,20.8600,0.0000,-2.7223,18.1377,""
2014-03-10,-1,Direct Package Sale,36480,"The Castle Doctrine",Steam,"The Castle Doctrine",Mac,RO,Romania,Eastern Europe,1,0,1,14.99,14.99,EUR,20.7900,0.0000,-2.7184,18.0716,""
2014-03-11,-1,Direct Package Sale,36480,"The Castle Doctrine",Steam,"The Castle Doctrine",Windows,BE,Belgium,Western Europe,1,0,1,14.99,14.99,EUR,20.6000,0.0000,-2.6935,17.9065,""
2014-03-11,-1,Direct Package Sale,36480,"The Castle Doctrine",Steam,"The Castle Doctrine",Windows,GB,United Kingdom,Western Europe,2,0,2,12.49,12.49,GBP,41.7152,0.0000,-5.4440,36.2712,""
2014-03-11,-1,Direct Package Sale,36480,"The Castle Doctrine",Steam,"The Castle Doctrine",Windows,NL,Netherlands,Western Europe,2,0,2,14.99,14.99,EUR,41.2000,0.0000,-5.3870,35.8130,""
2014-03-11,-1,Direct Package Sale,36480,"The Castle Doctrine",Steam,"The Castle Doctrine",Windows,US,United States,North America,10,0,10,15.99,15.99,USD,161.2800,0.0000,-1.3800,159.9000,""
2014-03-11,-1,Direct Package Sale,36480,"The Castle Doctrine",Steam,"The Castle Doctrine",Mac,CH,Switzerland,Western Europe,1,0,1,14.99,14.99,EUR,20.6000,0.0000,0.0000,20.6000,""
2014-03-11,-1,Direct Package Sale,36480,"The Castle Doctrine",Steam,"The Castle Doctrine",Mac,US,United States,North America,1,0,1,15.99,15.99,USD,15.9900,0.0000,0.0000,15.9900,""
2014-03-12,-1,Direct Package Sale,36480,"The Castle Doctrine",Steam,"The Castle Doctrine",Windows,AU,Australia,Oceania,2,0,2,15.99,15.99,USD,31.9800,0.0000,0.0000,31.9800,""
2014-03-12,-1,Direct Package Sale,36480,"The Castle Doctrine",Steam,"The Castle Doctrine",Windows,CH,Switzerland,Western Europe,1,0,1,14.99,14.99,EUR,20.8219,0.0000,0.0000,20.8219,""
2014-03-12,-1,Direct Package Sale,36480,"The Castle Doctrine",Steam,"The Castle Doctrine",Windows,FI,Finland,Western Europe,1,0,1,14.99,14.99,EUR,20.6041,0.0000,-2.6941,17.9100,""
2014-03-12,-1,Direct Package Sale,36480,"The Castle Doctrine",Steam,"The Castle Doctrine",Windows,US,United States,North America,4,0,4,15.99,15.99,USD,65.1900,0.0000,-1.2300,63.9600,""
2014-03-12,-1,Direct Package Sale,36480,"The Castle Doctrine",Steam,"The Castle Doctrine",Mac,GB,United Kingdom,Western Europe,1,0,1,12.49,12.49,GBP,20.7300,0.0000,-2.7054,18.0246,""
2014-03-12,-1,Direct Package Sale,36480,"The Castle Doctrine",Steam,"The Castle Doctrine",Mac,US,United States,North America,2,0,2,15.99,15.99,USD,31.9800,0.0000,0.0000,31.9800,""
2014-03-13,-1,Direct Package Sale,36480,"The Castle Doctrine",Steam,"The Castle Doctrine",Windows,AU,Australia,Oceania,1,0,1,15.99,15.99,USD,15.9900,0.0000,0.0000,15.9900,""
2014-03-13,-1,Direct Package Sale,36480,"The Castle Doctrine",Steam,"The Castle Doctrine",Windows,FI,Finland,Western Europe,1,0,1,14.99,14.99,EUR,20.8300,0.0000,-2.7236,18.1064,""
2014-03-13,-1,Direct Package Sale,36480,"The Castle Doctrine",Steam,"The Castle Doctrine",Windows,US,United States,North America,8,0,8,15.99,15.99,USD,129.3000,0.0000,-1.3800,127.9200,""
2014-03-13,-1,Direct Package Sale,36480,"The Castle Doctrine",Steam,"The Castle Doctrine",Mac,US,United States,North America,2,0,2,15.99,15.99,USD,31.9800,0.0000,0.0000,31.9800,""
2014-03-14,-1,Direct Package Sale,36480,"The Castle Doctrine",Steam,"The Castle Doctrine",Windows,AU,Australia,Oceania,1,0,1,15.99,15.99,USD,15.9900,0.0000,0.0000,15.9900,""
2014-03-14,-1,Direct Package Sale,36480,"The Castle Doctrine",Steam,"The Castle Doctrine",Windows,DE,Germany,Western Europe,1,0,1,14.99,14.99,EUR,20.6000,0.0000,-2.6935,17.9065,""
2014-03-14,-1,Direct Package Sale,36480,"The Castle Doctrine",Steam,"The Castle Doctrine",Windows,GB,United Kingdom,Western Europe,1,0,1,12.49,12.49,GBP,20.7100,0.0000,-2.7027,18.0073,""
2014-03-14,-1,Direct Package Sale,36480,"The Castle Doctrine",Steam,"The Castle Doctrine",Windows,MX,Mexico,Latin America,1,0,1,15.99,15.99,USD,15.9900,0.0000,0.0000,15.9900,""
2014-03-14,-1,Direct Package Sale,36480,"The Castle Doctrine",Steam,"The Castle Doctrine",Windows,NO,Norway,Western Europe,1,0,1,14.99,14.99,EUR,20.7900,0.0000,0.0000,20.7900,""
2014-03-14,-1,Direct Package Sale,36480,"The Castle Doctrine",Steam,"The Castle Doctrine",Windows,US,United States,North America,6,0,6,15.99,15.99,USD,95.9400,0.0000,0.0000,95.9400,""
2014-03-14,-1,Direct Package Sale,36480,"The Castle Doctrine",Steam,"The Castle Doctrine",Mac,US,United States,North America,2,0,2,15.99,15.99,USD,31.9800,0.0000,0.0000,31.9800,""
2014-03-14,-1,Direct Package Sale,36480,"The Castle Doctrine",Steam,"The Castle Doctrine",Linux,FR,France,Western Europe,1,0,1,14.99,14.99,EUR,20.7800,0.0000,-2.7171,18.0629,""
2014-03-15,-1,Direct Package Sale,36480,"The Castle Doctrine",Steam,"The Castle Doctrine",Windows,CA,Canada,North America,1,0,1,15.99,15.99,USD,15.9900,0.0000,0.0000,15.9900,""
2014-03-15,-1,Direct Package Sale,36480,"The Castle Doctrine",Steam,"The Castle Doctrine",Windows,CH,Switzerland,Western Europe,1,0,1,14.99,14.99,EUR,20.7900,0.0000,0.0000,20.7900,""
2014-03-15,-1,Direct Package Sale,36480,"The Castle Doctrine",Steam,"The Castle Doctrine",Windows,GB,United Kingdom,Western Europe,4,0,4,12.49,12.49,GBP,82.9870,0.0000,-10.8301,72.1569,""
2014-03-15,-1,Direct Package Sale,36480,"The Castle Doctrine",Steam,"The Castle Doctrine",Windows,US,United States,North America,6,0,6,15.99,15.99,USD,95.9400,0.0000,0.0000,95.9400,""
2014-03-15,-1,Direct Package Sale,36480,"The Castle Doctrine",Steam,"The Castle Doctrine",Mac,GB,United Kingdom,Western Europe,1,0,1,12.49,12.49,GBP,20.6009,0.0000,-2.6885,17.9124,""
2014-03-15,-1,Direct Package Sale,36480,"The Castle Doctrine",Steam,"The Castle Doctrine",Mac,US,United States,North America,2,0,2,15.99,15.99,USD,31.9800,0.0000,0.0000,31.9800,""
2014-03-16,-1,Direct Package Sale,8181,"Inside a Star Filled Sky",Steam,"Inside a Star-filled Sky ",Windows,RU,Russian Federation,Russian Territories,1,0,1,149.00,149.00,RUB,4.0553,0.0000,0.0000,4.0553,""
2014-03-16,-1,Direct Package Sale,8181,"Inside a Star Filled Sky",Steam,"Inside a Star-filled Sky ",Windows,US,United States,North America,1,0,1,7.99,7.99,USD,7.9900,0.0000,0.0000,7.9900,""
2014-03-16,-1,Direct Package Sale,36480,"The Castle Doctrine",Steam,"The Castle Doctrine",Windows,AU,Australia,Oceania,1,0,1,15.99,15.99,USD,15.9900,0.0000,0.0000,15.9900,""
2014-03-16,-1,Direct Package Sale,36480,"The Castle Doctrine",Steam,"The Castle Doctrine",Windows,BE,Belgium,Western Europe,1,0,1,14.99,14.99,EUR,20.8200,0.0000,-2.7223,18.0977,""
2014-03-16,-1,Direct Package Sale,36480,"The Castle Doctrine",Steam,"The Castle Doctrine",Windows,BR,Brazil,Latin America,1,0,1,26.99,26.99,BRL,11.5900,0.0000,0.0000,11.5900,""
2014-03-16,-1,Direct Package Sale,36480,"The Castle Doctrine",Steam,"The Castle Doctrine",Windows,GB,United Kingdom,Western Europe,3,0,3,12.49,12.49,GBP,62.0400,0.0000,-8.0965,53.9435,""
2014-03-16,-1,Direct Package Sale,36480,"The Castle Doctrine",Steam,"The Castle Doctrine",Windows,NZ,New Zealand,Oceania,1,0,1,15.99,15.99,USD,15.9900,0.0000,0.0000,15.9900,""
2014-03-16,-1,Direct Package Sale,36480,"The Castle Doctrine",Steam,"The Castle Doctrine",Windows,US,United States,North America,11,0,11,15.99,15.99,USD,177.2800,0.0000,-1.3900,175.8900,""
2014-03-16,-1,Direct Package Sale,36480,"The Castle Doctrine",Steam,"The Castle Doctrine",Mac,DE,Germany,Western Europe,1,0,1,14.99,14.99,EUR,20.8400,0.0000,-2.7249,18.1151,""
2014-03-16,-1,Direct Package Sale,36480,"The Castle Doctrine",Steam,"The Castle Doctrine",Mac,US,United States,North America,1,0,1,15.99,15.99,USD,15.9900,0.0000,0.0000,15.9900,""
2014-03-17,-1,Direct Package Sale,36480,"The Castle Doctrine",Steam,"The Castle Doctrine",Windows,AU,Australia,Oceania,1,0,1,15.99,15.99,USD,15.9900,0.0000,0.0000,15.9900,""
2014-03-17,-1,Direct Package Sale,36480,"The Castle Doctrine",Steam,"The Castle Doctrine",Windows,CA,Canada,North America,1,0,1,15.99,15.99,USD,15.9900,0.0000,0.0000,15.9900,""
2014-03-17,-1,Direct Package Sale,36480,"The Castle Doctrine",Steam,"The Castle Doctrine",Windows,GB,United Kingdom,Western Europe,2,0,2,12.49,12.49,GBP,41.3200,0.0000,-5.3925,35.9275,""
2014-03-17,-1,Direct Package Sale,36480,"The Castle Doctrine",Steam,"The Castle Doctrine",Windows,IE,Ireland,Western Europe,1,0,1,14.99,14.99,EUR,20.8200,0.0000,-2.7223,18.0977,""
2014-03-17,-1,Direct Package Sale,36480,"The Castle Doctrine",Steam,"The Castle Doctrine",Windows,NZ,New Zealand,Oceania,1,0,1,15.99,15.99,USD,15.9900,0.0000,0.0000,15.9900,""
2014-03-17,-1,Direct Package Sale,36480,"The Castle Doctrine",Steam,"The Castle Doctrine",Windows,US,United States,North America,10,0,10,15.99,15.99,USD,159.9000,0.0000,0.0000,159.9000,""
2014-03-17,-1,Direct Package Sale,36480,"The Castle Doctrine",Steam,"The Castle Doctrine",Mac,DK,Denmark,Western Europe,1,0,1,14.99,14.99,EUR,20.8219,0.0000,-2.7225,18.0994,""
2014-03-17,-1,Direct Package Sale,36480,"The Castle Doctrine",Steam,"The Castle Doctrine",Mac,US,United States,North America,2,0,2,15.99,15.99,USD,31.9800,0.0000,0.0000,31.9800,""
2014-03-17,-1,Direct Package Sale,36480,"The Castle Doctrine",Steam,"The Castle Doctrine",Linux,DE,Germany,Western Europe,1,0,1,14.99,14.99,EUR,20.7900,0.0000,-2.7184,18.0716,""
2014-03-18,-1,Direct Package Sale,36480,"The Castle Doctrine",Steam,"The Castle Doctrine",Windows,BR,Brazil,Latin America,1,0,1,26.99,26.99,BRL,11.4500,0.0000,0.0000,11.4500,""
2014-03-18,-1,Direct Package Sale,36480,"The Castle Doctrine",Steam,"The Castle Doctrine",Windows,NZ,New Zealand,Oceania,1,0,1,15.99,15.99,USD,15.9900,0.0000,0.0000,15.9900,""
2014-03-18,-1,Direct Package Sale,36480,"The Castle Doctrine",Steam,"The Castle Doctrine",Windows,PL,Poland,Eastern Europe,1,0,1,14.99,14.99,EUR,20.8200,0.0000,-2.7223,18.0977,""
2014-03-18,-1,Direct Package Sale,36480,"The Castle Doctrine",Steam,"The Castle Doctrine",Windows,US,United States,North America,6,0,6,15.99,15.99,USD,95.9400,0.0000,0.0000,95.9400,""
2014-03-18,-1,Direct Package Sale,36480,"The Castle Doctrine",Steam,"The Castle Doctrine",Mac,AT,Austria,Western Europe,1,0,1,14.99,14.99,EUR,20.8200,0.0000,-2.7223,18.0977,""
2014-03-18,-1,Direct Package Sale,36480,"The Castle Doctrine",Steam,"The Castle Doctrine",Mac,AU,Australia,Oceania,1,0,1,15.99,15.99,USD,15.9900,0.0000,0.0000,15.9900,""
2014-03-18,-1,Direct Package Sale,36480,"The Castle Doctrine",Steam,"The Castle Doctrine",Mac,DE,Germany,Western Europe,1,0,1,14.99,14.99,EUR,20.6703,0.0000,-2.7027,17.9676,""
2014-03-19,-1,Direct Package Sale,36480,"The Castle Doctrine",Steam,"The Castle Doctrine",Windows,CA,Canada,North America,1,0,1,15.99,15.99,USD,15.9900,0.0000,0.0000,15.9900,""
2014-03-19,-1,Direct Package Sale,36480,"The Castle Doctrine",Steam,"The Castle Doctrine",Windows,GB,United Kingdom,Western Europe,1,0,1,12.49,12.49,GBP,20.7400,0.0000,-2.7067,18.0333,""
2014-03-19,-1,Direct Package Sale,36480,"The Castle Doctrine",Steam,"The Castle Doctrine",Windows,NZ,New Zealand,Oceania,1,0,1,15.99,15.99,USD,15.9900,0.0000,0.0000,15.9900,""
2014-03-19,-1,Direct Package Sale,36480,"The Castle Doctrine",Steam,"The Castle Doctrine",Windows,US,United States,North America,5,0,5,15.99,15.99,USD,82.7500,0.0000,-2.8000,79.9500,""
2014-03-19,-1,Direct Package Sale,36480,"The Castle Doctrine",Steam,"The Castle Doctrine",Mac,CA,Canada,North America,1,0,1,15.99,15.99,USD,15.9900,0.0000,0.0000,15.9900,""
2014-03-19,-1,Direct Package Sale,36480,"The Castle Doctrine",Steam,"The Castle Doctrine",Mac,GB,United Kingdom,Western Europe,1,0,1,12.49,12.49,GBP,20.7402,0.0000,-2.7067,18.0335,""
2014-03-19,-1,Direct Package Sale,36480,"The Castle Doctrine",Steam,"The Castle Doctrine",Mac,NZ,New Zealand,Oceania,1,0,1,15.99,15.99,USD,15.9900,0.0000,0.0000,15.9900,""
2014-03-19,-1,Direct Package Sale,36480,"The Castle Doctrine",Steam,"The Castle Doctrine",Linux,US,United States,North America,1,0,1,15.99,15.99,USD,15.9900,0.0000,0.0000,15.9900,""
2014-03-20,-1,Direct Package Sale,8181,"Inside a Star Filled Sky",Steam,"Inside a Star-filled Sky ",Windows,AU,Australia,Oceania,1,0,1,7.99,7.99,USD,7.9900,0.0000,0.0000,7.9900,""
2014-03-20,-1,Direct Package Sale,36480,"The Castle Doctrine",Steam,"The Castle Doctrine",Windows,CA,Canada,North America,1,0,1,15.99,15.99,USD,15.9900,0.0000,0.0000,15.9900,""
2014-03-20,-1,Direct Package Sale,36480,"The Castle Doctrine",Steam,"The Castle Doctrine",Windows,SE,Sweden,Western Europe,1,0,1,14.99,14.99,EUR,20.6800,0.0000,-2.7040,17.9760,""
2014-03-20,-1,Direct Package Sale,36480,"The Castle Doctrine",Steam,"The Castle Doctrine",Windows,US,United States,North America,6,0,6,15.99,15.99,USD,95.9400,0.0000,0.0000,95.9400,""
2014-03-20,-1,Direct Package Sale,36480,"The Castle Doctrine",Steam,"The Castle Doctrine",Mac,CH,Switzerland,Western Europe,1,0,1,14.99,14.99,EUR,20.6406,0.0000,0.0000,20.6406,""
2014-03-20,-1,Direct Package Sale,36480,"The Castle Doctrine",Steam,"The Castle Doctrine",Mac,GB,United Kingdom,Western Europe,1,0,1,12.49,12.49,GBP,20.5900,0.0000,-2.6871,17.9029,""
2014-03-21,-1,Direct Package Sale,36480,"The Castle Doctrine",Steam,"The Castle Doctrine",Windows,GB,United Kingdom,Western Europe,1,0,1,12.49,12.49,GBP,20.6000,0.0000,-2.6884,17.9116,""
2014-03-21,-1,Direct Package Sale,36480,"The Castle Doctrine",Steam,"The Castle Doctrine",Windows,NL,Netherlands,Western Europe,2,0,2,14.99,14.99,EUR,41.2600,0.0000,-5.3949,35.8651,""
2014-03-21,-1,Direct Package Sale,36480,"The Castle Doctrine",Steam,"The Castle Doctrine",Windows,US,United States,North America,12,0,12,15.99,15.99,USD,191.8800,0.0000,0.0000,191.8800,""
2014-03-21,-1,Direct Package Sale,36480,"The Castle Doctrine",Steam,"The Castle Doctrine",Linux,US,United States,North America,1,0,1,15.99,15.99,USD,15.9900,0.0000,0.0000,15.9900,""
2014-03-22,-1,Direct Package Sale,36480,"The Castle Doctrine",Steam,"The Castle Doctrine",Windows,AU,Australia,Oceania,1,0,1,15.99,15.99,USD,15.9900,0.0000,0.0000,15.9900,""
2014-03-22,-1,Direct Package Sale,36480,"The Castle Doctrine",Steam,"The Castle Doctrine",Windows,GB,United Kingdom,Western Europe,2,0,2,12.49,12.49,GBP,41.4800,0.0000,-5.4134,36.0666,""
2014-03-22,-1,Direct Package Sale,36480,"The Castle Doctrine",Steam,"The Castle Doctrine",Windows,RU,Russian Federation,Russian Territories,2,0,2,349.00,349.00,RUB,19.3400,0.0000,0.0000,19.3400,""
2014-03-22,-1,Direct Package Sale,36480,"The Castle Doctrine",Steam,"The Castle Doctrine",Windows,US,United States,North America,7,0,7,15.99,15.99,USD,111.9300,0.0000,0.0000,111.9300,""
2014-03-22,-1,Direct Package Sale,36480,"The Castle Doctrine",Steam,"The Castle Doctrine",Mac,US,United States,North America,5,0,5,15.99,15.99,USD,79.9500,0.0000,0.0000,79.9500,""
2014-03-23,-1,Direct Package Sale,8181,"Inside a Star Filled Sky",Steam,"Inside a Star-filled Sky ",Windows,AU,Australia,Oceania,1,0,1,7.99,7.99,USD,7.9900,0.0000,0.0000,7.9900,""
2014-03-23,-1,Direct Package Sale,36480,"The Castle Doctrine",Steam,"The Castle Doctrine",Windows,DE,Germany,Western Europe,3,0,3,14.99,14.99,EUR,62.0400,0.0000,-8.1120,53.9280,""
2014-03-23,-1,Direct Package Sale,36480,"The Castle Doctrine",Steam,"The Castle Doctrine",Windows,GB,United Kingdom,Western Europe,2,0,2,12.49,12.49,GBP,41.1700,0.0000,-5.3729,35.7971,""
2014-03-23,-1,Direct Package Sale,36480,"The Castle Doctrine",Steam,"The Castle Doctrine",Windows,US,United States,North America,5,0,5,15.99,15.99,USD,79.9500,0.0000,0.0000,79.9500,""
2014-03-23,-1,Direct Package Sale,36480,"The Castle Doctrine",Steam,"The Castle Doctrine",Mac,CA,Canada,North America,1,0,1,15.99,15.99,USD,15.9900,0.0000,0.0000,15.9900,""
2014-03-23,-1,Direct Package Sale,36480,"The Castle Doctrine",Steam,"The Castle Doctrine",Linux,US,United States,North America,1,0,1,15.99,15.99,USD,15.9900,0.0000,0.0000,15.9900,""
2014-03-24,-1,Direct Package Sale,36480,"The Castle Doctrine",Steam,"The Castle Doctrine",Windows,AT,Austria,Western Europe,1,0,1,14.99,14.99,EUR,20.6400,0.0000,-2.6988,17.9412,""
2014-03-24,-1,Direct Package Sale,36480,"The Castle Doctrine",Steam,"The Castle Doctrine",Windows,CA,Canada,North America,1,0,1,15.99,15.99,USD,15.9900,0.0000,0.0000,15.9900,""
2014-03-24,-1,Direct Package Sale,36480,"The Castle Doctrine",Steam,"The Castle Doctrine",Windows,ES,Spain,Western Europe,1,0,1,14.99,14.99,EUR,20.6800,0.0000,-2.7040,17.9760,""
2014-03-24,-1,Direct Package Sale,36480,"The Castle Doctrine",Steam,"The Castle Doctrine",Windows,MY,Malaysia,South East Asia,1,0,1,15.99,15.99,USD,15.9900,0.0000,0.0000,15.9900,""
2014-03-24,-1,Direct Package Sale,36480,"The Castle Doctrine",Steam,"The Castle Doctrine",Windows,NZ,New Zealand,Oceania,1,0,1,15.99,15.99,USD,15.9900,0.0000,0.0000,15.9900,""
2014-03-24,-1,Direct Package Sale,36480,"The Castle Doctrine",Steam,"The Castle Doctrine",Windows,US,United States,North America,8,0,8,15.99,15.99,USD,127.9200,0.0000,0.0000,127.9200,""
2014-03-24,-1,Direct Package Sale,36480,"The Castle Doctrine",Steam,"The Castle Doctrine",Linux,US,United States,North America,1,0,1,15.99,15.99,USD,15.9900,0.0000,0.0000,15.9900,""
2014-03-25,-1,Direct Package Sale,36480,"The Castle Doctrine",Steam,"The Castle Doctrine",Windows,CA,Canada,North America,1,0,1,15.99,15.99,USD,15.9900,0.0000,0.0000,15.9900,""
2014-03-25,-1,Direct Package Sale,36480,"The Castle Doctrine",Steam,"The Castle Doctrine",Windows,FI,Finland,Western Europe,1,0,1,14.99,14.99,EUR,20.6100,0.0000,-2.6948,17.9152,""
2014-03-25,-1,Direct Package Sale,36480,"The Castle Doctrine",Steam,"The Castle Doctrine",Windows,GB,United Kingdom,Western Europe,4,0,4,12.49,12.49,GBP,82.5800,0.0000,-10.7771,71.8029,""
2014-03-25,-1,Direct Package Sale,36480,"The Castle Doctrine",Steam,"The Castle Doctrine",Windows,IE,Ireland,Western Europe,1,0,1,14.99,14.99,EUR,20.6100,0.0000,-2.6948,17.9152,""
2014-03-25,-1,Direct Package Sale,36480,"The Castle Doctrine",Steam,"The Castle Doctrine",Windows,NL,Netherlands,Western Europe,1,0,1,14.99,14.99,EUR,20.6400,0.0000,-2.6988,17.9412,""
2014-03-25,-1,Direct Package Sale,36480,"The Castle Doctrine",Steam,"The Castle Doctrine",Windows,RU,Russian Federation,Russian Territories,1,0,1,349.00,349.00,RUB,9.6700,0.0000,0.0000,9.6700,""
2014-03-25,-1,Direct Package Sale,36480,"The Castle Doctrine",Steam,"The Castle Doctrine",Windows,SE,Sweden,Western Europe,1,0,1,14.99,14.99,EUR,20.6600,0.0000,-2.7014,17.9586,""
2014-03-25,-1,Direct Package Sale,36480,"The Castle Doctrine",Steam,"The Castle Doctrine",Windows,US,United States,North America,8,0,8,15.99,15.99,USD,127.9200,0.0000,0.0000,127.9200,""
2014-03-25,-1,Direct Package Sale,36480,"The Castle Doctrine",Steam,"The Castle Doctrine",Mac,CA,Canada,North America,2,0,2,15.99,15.99,USD,31.9800,0.0000,0.0000,31.9800,""
2014-03-25,-1,Direct Package Sale,36480,"The Castle Doctrine",Steam,"The Castle Doctrine",Linux,GB,United Kingdom,Western Europe,1,0,1,12.49,12.49,GBP,20.5900,0.0000,-2.6871,17.9029,""
2014-03-26,-1,Direct Package Sale,36480,"The Castle Doctrine",Steam,"The Castle Doctrine",Windows,AT,Austria,Western Europe,2,0,2,14.99,14.99,EUR,41.3100,0.0000,-5.4014,35.9086,""
2014-03-26,-1,Direct Package Sale,36480,"The Castle Doctrine",Steam,"The Castle Doctrine",Windows,GB,United Kingdom,Western Europe,8,0,8,12.49,12.49,GBP,165.6170,0.0000,-21.6139,144.0031,""
2014-03-26,-1,Direct Package Sale,36480,"The Castle Doctrine",Steam,"The Castle Doctrine",Windows,NL,Netherlands,Western Europe,1,0,1,14.99,14.99,EUR,20.6100,0.0000,-2.6948,17.9152,""
2014-03-26,-1,Direct Package Sale,36480,"The Castle Doctrine",Steam,"The Castle Doctrine",Windows,SE,Sweden,Western Europe,2,0,2,14.99,14.99,EUR,41.2331,0.0000,-5.3913,35.8418,""
2014-03-26,-1,Direct Package Sale,36480,"The Castle Doctrine",Steam,"The Castle Doctrine",Windows,US,United States,North America,6,0,6,15.99,15.99,USD,97.3500,0.0000,-1.4100,95.9400,""
2014-03-26,-1,Direct Package Sale,36480,"The Castle Doctrine",Steam,"The Castle Doctrine",Mac,BR,Brazil,Latin America,1,0,1,26.99,26.99,BRL,11.6300,0.0000,0.0000,11.6300,""
2014-03-26,-1,Direct Package Sale,36480,"The Castle Doctrine",Steam,"The Castle Doctrine",Mac,CO,Colombia,Latin America,1,0,1,15.99,15.99,USD,15.9900,0.0000,0.0000,15.9900,""
2014-03-26,-1,Direct Package Sale,36480,"The Castle Doctrine",Steam,"The Castle Doctrine",Mac,GB,United Kingdom,Western Europe,2,0,2,12.49,12.49,GBP,41.3900,0.0000,-5.4016,35.9884,""
2014-03-26,-1,Direct Package Sale,36480,"The Castle Doctrine",Steam,"The Castle Doctrine",Mac,US,United States,North America,3,0,3,15.99,15.99,USD,47.9700,0.0000,0.0000,47.9700,""
2014-03-27,-1,Direct Package Sale,8181,"Inside a Star Filled Sky",Steam,"Inside a Star-filled Sky ",Windows,AU,Australia,Oceania,1,0,1,7.99,7.99,USD,7.9900,0.0000,0.0000,7.9900,""
2014-03-27,-1,Direct Package Sale,36480,"The Castle Doctrine",Steam,"The Castle Doctrine",Windows,CH,Switzerland,Western Europe,2,0,2,14.99,14.99,EUR,41.2200,0.0000,0.0000,41.2200,""
2014-03-27,-1,Direct Package Sale,36480,"The Castle Doctrine",Steam,"The Castle Doctrine",Windows,FR,France,Western Europe,1,0,1,14.99,14.99,EUR,20.6600,0.0000,-2.7014,17.9586,""
2014-03-27,-1,Direct Package Sale,36480,"The Castle Doctrine",Steam,"The Castle Doctrine",Windows,GB,United Kingdom,Western Europe,2,0,2,12.49,12.49,GBP,41.5000,0.0000,-5.4160,36.0840,""
2014-03-27,-1,Direct Package Sale,36480,"The Castle Doctrine",Steam,"The Castle Doctrine",Windows,IE,Ireland,Western Europe,1,0,1,14.99,14.99,EUR,20.6400,0.0000,-2.6988,17.9412,""
2014-03-27,-1,Direct Package Sale,36480,"The Castle Doctrine",Steam,"The Castle Doctrine",Windows,RU,Russian Federation,Russian Territories,1,0,1,349.00,349.00,RUB,9.8300,0.0000,0.0000,9.8300,""
2014-03-27,-1,Direct Package Sale,36480,"The Castle Doctrine",Steam,"The Castle Doctrine",Windows,SE,Sweden,Western Europe,1,0,1,14.99,14.99,EUR,20.6600,0.0000,-2.7014,17.9586,""
2014-03-27,-1,Direct Package Sale,36480,"The Castle Doctrine",Steam,"The Castle Doctrine",Windows,US,United States,North America,6,0,6,15.99,15.99,USD,95.9400,0.0000,0.0000,95.9400,""
2014-03-27,-1,Direct Package Sale,36480,"The Castle Doctrine",Steam,"The Castle Doctrine",Mac,US,United States,North America,1,0,1,15.99,15.99,USD,15.9900,0.0000,0.0000,15.9900,""
2014-03-28,-1,Direct Package Sale,36480,"The Castle Doctrine",Steam,"The Castle Doctrine",Windows,BE,Belgium,Western Europe,1,0,1,14.99,14.99,EUR,20.6400,0.0000,-2.6988,17.9412,""
2014-03-28,-1,Direct Package Sale,36480,"The Castle Doctrine",Steam,"The Castle Doctrine",Windows,CA,Canada,North America,1,0,1,15.99,15.99,USD,15.9900,0.0000,0.0000,15.9900,""
2014-03-28,-1,Direct Package Sale,36480,"The Castle Doctrine",Steam,"The Castle Doctrine",Windows,GB,United Kingdom,Western Europe,5,0,5,12.49,12.49,GBP,103.6300,0.0000,-13.5242,90.1058,""
2014-03-28,-1,Direct Package Sale,36480,"The Castle Doctrine",Steam,"The Castle Doctrine",Windows,IL,Israel,Middle East,1,0,1,15.99,15.99,USD,15.9900,0.0000,0.0000,15.9900,""
2014-03-28,-1,Direct Package Sale,36480,"The Castle Doctrine",Steam,"The Castle Doctrine",Windows,NL,Netherlands,Western Europe,1,0,1,14.99,14.99,EUR,20.6100,0.0000,-2.6948,17.9152,""
2014-03-28,-1,Direct Package Sale,36480,"The Castle Doctrine",Steam,"The Castle Doctrine",Windows,US,United States,North America,12,0,12,15.99,15.99,USD,193.4000,0.0000,-1.5200,191.8800,""
2014-03-28,-1,Direct Package Sale,36480,"The Castle Doctrine",Steam,"The Castle Doctrine",Mac,SG,Singapore,South East Asia,1,0,1,15.99,15.99,USD,15.9900,0.0000,0.0000,15.9900,""
2014-03-28,-1,Direct Package Sale,36480,"The Castle Doctrine",Steam,"The Castle Doctrine",Linux,AU,Australia,Oceania,1,0,1,15.99,15.99,USD,15.9900,0.0000,0.0000,15.9900,""
2014-03-28,-1,Direct Package Sale,36480,"The Castle Doctrine",Steam,"The Castle Doctrine",Linux,US,United States,North America,1,0,1,15.99,15.99,USD,15.9900,0.0000,0.0000,15.9900,""
2014-03-29,-1,Direct Package Sale,36480,"The Castle Doctrine",Steam,"The Castle Doctrine",Windows,CA,Canada,North America,1,0,1,15.99,15.99,USD,15.9900,0.0000,0.0000,15.9900,""
2014-03-29,-1,Direct Package Sale,36480,"The Castle Doctrine",Steam,"The Castle Doctrine",Windows,DE,Germany,Western Europe,1,0,1,14.99,14.99,EUR,20.6400,0.0000,-2.6988,17.9412,""
2014-03-29,-1,Direct Package Sale,36480,"The Castle Doctrine",Steam,"The Castle Doctrine",Windows,GB,United Kingdom,Western Europe,3,0,3,12.49,12.49,GBP,62.1900,0.0000,-8.1161,54.0739,""
2014-03-29,-1,Direct Package Sale,36480,"The Castle Doctrine",Steam,"The Castle Doctrine",Windows,SE,Sweden,Western Europe,2,0,2,14.99,14.99,EUR,41.2733,0.0000,-5.3967,35.8766,""
2014-03-29,-1,Direct Package Sale,36480,"The Castle Doctrine",Steam,"The Castle Doctrine",Windows,US,United States,North America,8,0,8,15.99,15.99,USD,127.9200,0.0000,0.0000,127.9200,""
2014-03-29,-1,Direct Package Sale,36480,"The Castle Doctrine",Steam,"The Castle Doctrine",Mac,US,United States,North America,1,0,1,15.99,15.99,USD,15.9900,0.0000,0.0000,15.9900,""
2014-03-30,-1,Direct Package Sale,36480,"The Castle Doctrine",Steam,"The Castle Doctrine",Windows,AU,Australia,Oceania,1,0,1,15.99,15.99,USD,15.9900,0.0000,0.0000,15.9900,""
2014-03-30,-1,Direct Package Sale,36480,"The Castle Doctrine",Steam,"The Castle Doctrine",Windows,DE,Germany,Western Europe,1,0,1,14.99,14.99,EUR,20.6600,0.0000,-2.7014,17.9586,""
2014-03-30,-1,Direct Package Sale,36480,"The Castle Doctrine",Steam,"The Castle Doctrine",Windows,GB,United Kingdom,Western Europe,2,0,2,12.49,12.49,GBP,41.4982,0.0000,-5.4157,36.0825,""
2014-03-30,-1,Direct Package Sale,36480,"The Castle Doctrine",Steam,"The Castle Doctrine",Windows,HU,Hungary,Eastern Europe,1,0,1,14.99,14.99,EUR,20.6400,0.0000,-2.6988,17.9412,""
2014-03-30,-1,Direct Package Sale,36480,"The Castle Doctrine",Steam,"The Castle Doctrine",Windows,RU,Russian Federation,Russian Territories,1,0,1,349.00,349.00,RUB,9.7787,0.0000,0.0000,9.7787,""
2014-03-30,-1,Direct Package Sale,36480,"The Castle Doctrine",Steam,"The Castle Doctrine",Windows,SE,Sweden,Western Europe,1,0,1,14.99,14.99,EUR,20.6100,0.0000,-2.6948,17.9152,""
2014-03-30,-1,Direct Package Sale,36480,"The Castle Doctrine",Steam,"The Castle Doctrine",Windows,US,United States,North America,13,0,13,15.99,15.99,USD,210.9100,0.0000,-3.0400,207.8700,""
2014-03-30,-1,Direct Package Sale,36480,"The Castle Doctrine",Steam,"The Castle Doctrine",Mac,GB,United Kingdom,Western Europe,3,0,3,12.49,12.49,GBP,62.1856,0.0000,-8.1155,54.0701,""
2014-03-30,-1,Direct Package Sale,36480,"The Castle Doctrine",Steam,"The Castle Doctrine",Mac,US,United States,North America,4,0,4,15.99,15.99,USD,63.9600,0.0000,0.0000,63.9600,""
2014-03-30,-1,Direct Package Sale,36480,"The Castle Doctrine",Steam,"The Castle Doctrine",Linux,GB,United Kingdom,Western Europe,1,0,1,12.49,12.49,GBP,20.7000,0.0000,-2.7014,17.9986,""
